{"cameraMode":{"drawMode":0,"name":"Shaded","section":"Shading Mode"},"sceneLighting":true,"audioPlay":false,"sceneViewState":{"m_AlwaysRefresh":false,"showFog":true,"showSkybox":true,"showFlares":true,"showImageEffects":true,"showParticleSystems":true,"showVisualEffectGraphs":true,"m_FxEnabled":true},"in2DMode":false,"pivot":{"x":133.81924438476563,"y":3.658135175704956,"z":37.78461837768555},"rotation":{"x":-0.03955180570483208,"y":0.9284723401069641,"z":-0.10360372811555863,"w":-0.35445499420166018},"size":12.016032218933106,"orthographic":false}